x-dis,y-dis,z-dis,HOMO-1,HOMO,LUMO,LUMO+1,EXC1,EXC2,EXC3,EXC4,EXC5,EXC6,EXC7,EXC8,EXC9,EXC10,PROB1,PROB2,PROB3,PROB4,PROB5,PROB6,PROB7,PROB8,PROB9,PROB10
0.0,0.0,3.5,-4.749058981369999,-4.06523776395,-2.5571723349039996,-1.835654502132,1.0483,1.6566,1.9845,2.2608,2.451,2.4823,2.6572,2.9289,2.9645,3.0266,1.741e-07,0.000320418,0.0560404425,0.0,0.0,6.950000000000001e-08,8.417e-07,1.1499999999999999e-08,1.95e-08,1.20135e-05
0.0,0.2,3.5,-4.743556977830001,-4.07275335929,-2.555025138567,-1.8398854938749998,1.0583,1.6567,1.9847,2.2712,2.4623,2.4734,2.6647,2.9286,2.9648,3.0397,1.734e-07,0.000574218,0.056111002800000004,2.8328e-06,9.7414e-06,7.01e-08,9.095e-07,9.35e-08,1.63e-08,1.1856800000000001e-05
0.0,0.4,3.5,-4.7269883826,-4.09456273534,-2.549682045515,-1.852270988194,1.0861,1.6556,1.9851,2.3003,2.4469,2.4945,2.6851,2.9249,2.9668,3.0771,1.71e-07,0.0012693736999999999,0.056217413499999994,1.364e-05,7.18e-08,3.72109e-05,1.117e-06,1.827e-07,3.59e-08,1.1485e-05
0.0,0.6,3.5,-4.70000897355,-4.129414199900001,-2.541255708046,-1.8718531684490003,1.1306,1.6515,1.9869999999999999,2.3467,2.4044,2.5457,2.7169,2.9137,2.9737,3.1351,1.6679999999999998e-07,0.0022179456,0.05627884440000001,4.00892e-05,7.49e-08,7.3822e-05,1.4390000000000001e-06,1.7769999999999998e-07,9.400000000000001e-08,1.0251500000000002e-05
0.0,0.8,3.5,-4.66454526824,-4.17513089697,-2.5303186392879997,-1.89681435988,1.1888,1.6429,1.9925,2.3494,2.4074,2.6119,2.7568,2.8944,2.9842,3.1692,1.606e-07,0.0033001798999999997,0.056155519699999996,7.990000000000001e-08,9.23556e-05,0.0001130465,1.8185e-06,1.6260000000000001e-07,1.502e-07,7.347e-07
0.0,1.0,3.5,-4.62277956481,-4.2287196495499995,-2.518325523263,-1.9253260034470001,1.2563,1.6283,2.0023,2.2859,2.4775,2.6878,2.8016,2.8679,2.9935,3.178,1.522e-07,0.0045572461,0.055611127999999996,8.68e-08,0.0001799559,0.0001544437,2.1749e-06,1.791e-07,2.156e-07,2.134e-07
0.0,1.2,3.5,-4.57682069251,-4.28738047661,-2.5064466921779998,-1.955277909365,1.3287,1.6077,2.0168,2.218,2.5525,2.7679,2.8332,2.8507,2.9973,3.1909,1.413e-07,0.0062084577,0.0544601341,9.57e-08,0.0003107868,0.0001950116,4.01e-07,2.2599e-06,3.194e-07,1.8800000000000002e-07
0.0,1.4,3.5,-4.529623733359999,-4.348188227900001,-2.495856015631,-1.984515806515,0.0,0.0,0.0,0.0,0.0,0.0,0.0,0.0,0.0,0.0,0.0,0.0,0.0,0.0,0.0,0.0,0.0,0.0,0.0,0.0
0.0,1.6,3.5,-4.4840839058399995,-4.40810346823,-2.486203836127,-2.011987457128,1.4721,1.5578,2.0579,2.0879,2.7003,2.7625,2.9177,2.9405,2.9824,3.2341,1.121e-07,0.0121008045,0.0501708166,1.205e-07,0.0006626606,2.824e-07,0.0002768998,2.4994e-06,6.465000000000001e-07,2.005e-07
0.0,1.8,3.5,-4.46494662053,-4.4426991522099994,-2.478259944369,-2.036581576216,1.5354,1.5364,2.0337,2.0818,2.7293,2.7665,2.9669,2.9741,2.9812,3.2251,0.0169689909,1.282e-07,1.366e-07,0.0473034488,3.353e-07,0.0008135811,7.856e-07,0.00032994769999999994,2.2175e-06,0.0015593798000000001
0.0,2.0,3.5,-4.51715306955,-4.407428642869999,-2.4722934541799995,-2.058027689421,1.5178,1.5922,1.9905,2.1061,2.7008,2.824,2.95,3.0065,3.0153,3.1955,0.0233787252,7.22e-08,1.558e-07,0.0442296062,3.9310000000000005e-07,0.0008805935000000001,9.984999999999998e-07,0.0004105707,1.6617e-06,0.0007381649
0.0,2.2,3.5,-4.56250514324,-4.37994039373,-2.467652669295,-2.0769432075260004,1.5074,1.6372,1.9598,2.1283,2.68,2.8712,2.9346,3.011,3.043,3.1869,0.0310759819,4.9699999999999995e-08,1.768e-07,0.041330506,4.5210000000000003e-07,0.000806495,1.2115e-06,0.0005421852,1.0402e-06,0.0018312451
0.0,2.4,3.5,-4.600861345959999,-4.36066161278,-2.4644067048919998,-2.093884045132,1.5041,1.6713,1.9415,2.1471,2.667,2.9077,2.9219999999999997,3.0009,3.0643,3.1839,0.0397519494,2.8599999999999998e-08,1.971e-07,0.0387369564,5.112e-07,0.0005852321,1.4535e-06,0.0007016324,5.174e-07,0.0038984076
0.0,2.6,3.5,-4.63138630922,-4.34972291138,-2.4617294441190003,-2.10976529808,0.0,0.0,0.0,0.0,0.0,0.0,0.0,0.0,0.0,0.0,0.0,0.0,0.0,0.0,0.0,0.0,0.0,0.0,0.0,0.0
0.0,2.8,3.5,-4.6538950002599995,-4.346985514960002,-2.459350956832,-2.125753216972,1.5187,1.7117,1.9340000000000002,2.1674,2.6678,2.9107,2.9488,2.9888,3.0980000000000003,3.1853,0.0574514516,3.9e-09,2.2239999999999998e-07,0.0349018663,6.117e-07,2.0121e-06,2.2604000000000002e-05,0.0009167433,7.57e-08,0.0063581974
0.0,3.0,3.5,-4.66885544312,-4.35150521223,-2.456851926144,-2.142457321488,1.5347,1.7235,1.9375,2.1666,2.6805,2.9132,2.9539999999999997,2.9961,3.1151,3.1921,0.0651087243,6e-10,2.2699999999999998e-07,0.0335671618,6.436e-07,2.3027e-06,1.96499e-05,0.0007417497,4.1100000000000004e-08,0.0069185356
0.2,0.0,3.5,-4.74090393458,-4.0739560722300014,-2.544195552074,-1.850034812868,1.0706,1.6569,1.9828,2.2811,2.4594,2.4729,2.6794,2.9293,2.9652,3.0431,1.708e-07,0.00020859720000000002,0.0559637302,0.0001389327,6.82e-08,4.5950200000000006e-05,8.093999999999999e-07,1.1200000000000001e-08,1.91e-08,1.1991300000000002e-05
0.2,0.2,3.5,-4.7355597531,-4.0812648662500015,-2.542164001212,-1.854156417597,1.0802,1.6572,1.9829,2.2911,2.4508,2.4838,2.6867,2.9298,2.9649,3.0557,1.7010000000000002e-07,0.0004718485,0.0560738322,0.0001252787,6.89e-08,5.59808e-05,8.75e-07,7.64e-08,1.96e-08,1.18321e-05
0.2,0.4,3.5,-4.719320407340001,-4.1025708443500015,-2.536684582553,-1.866319872604,1.1077,1.6566,1.9831,2.3199,2.425,2.5156,2.7071,2.9281,2.9656,3.092,1.682e-07,0.0011781257000000002,0.0563026857,0.0001008763,7.1e-08,8.43808e-05,1.0732e-06,1.673e-07,2.49e-08,1.1427699999999999e-05
0.2,0.6,3.5,-4.693121945380001,-4.1364998661799985,-2.52838559116,-1.885449811025,0.0,0.0,0.0,0.0,0.0,0.0,0.0,0.0,0.0,0.0,0.0,0.0,0.0,0.0,0.0,0.0,0.0,0.0,0.0,0.0
0.2,0.8,3.5,-4.65869768881,-4.18105738743,-2.517902396878,-1.909750598767,1.2075,1.6459,1.9891,2.3307,2.4245,2.6301,2.7774,2.9011,2.9823,3.1678,1.602e-07,0.0031986884999999996,0.0565578535,8.09e-08,0.0001412066,0.0001685813,1.7493000000000001e-06,1.601e-07,1.2810000000000002e-07,6.150999999999999e-07
0.2,1.0,3.5,-4.61802857659,-4.23339172674,-2.506725057639,-1.9374249690950005,1.2726,1.6323,1.9978,2.2692,2.4927,2.7039,2.8206,2.8753,2.9928,3.1754,1.542e-07,0.004423127,0.0561524141,8.949999999999999e-08,0.0002295563,0.00021568110000000002,2.0887e-06,1.8469999999999998e-07,1.876e-07,2.059e-07
0.2,1.2,3.5,-4.573256090809999,-4.29068385559,-2.495704724139,-1.966485996695,1.3426,1.6126,2.0112,2.2033,2.5658,2.7816,2.8414,2.8677,2.9985,3.1869,1.466e-07,0.0060222849,0.0550976234,1.006e-07,0.00036379120000000004,0.000265634,2.585e-07,2.3145e-06,2.814e-07,1.7510000000000003e-07
0.2,1.4,3.5,-4.52718837571,-4.3499841341000005,-2.485369556065,-1.995098864066,1.4136,1.589,2.029,2.1378,2.6397,2.8069,2.8578,2.9124,2.9965,3.2044,1.372e-07,0.0083160624,0.053345611200000004,1.1439999999999999e-07,0.0005333041,2.2320000000000001e-07,0.00031858959999999997,2.5087000000000002e-06,4.2200000000000005e-07,1.8399999999999998e-07
0.2,1.6,3.5,-4.482775071170001,-4.408639519019999,-2.4764104330900003,-2.021925893196,1.4818,1.5647,2.0501,2.077,2.7105,2.7713,2.9263,2.9557,2.9871,3.2274,1.259e-07,0.0116621524,0.0509590043,1.324e-07,0.0007131077000000001,2.682e-07,0.0003775171,2.4149e-06,5.965999999999999e-07,1.9260000000000002e-07
0.2,1.8,3.5,-4.4642908426600005,-4.4424433716300005,-2.469187624882,-2.045966818753,1.5427,1.544,2.0245,2.073,2.7382,2.775,2.9728,2.9794,2.9947,3.2186,0.0163663447,2.17e-07,1.487e-07,0.0480964708,3.2159999999999997e-07,0.0008646331,7.549e-07,0.00046293559999999997,2.1143000000000002e-06,0.0010307706
0.2,2.0,3.5,-4.515204783430001,-4.408236800660001,-2.46381460006,-2.067058648644,1.5255,1.5975,1.983,2.0961,2.7101,2.8309,2.9568,3.0076,3.0275,3.1916,0.0225516284,9.73e-08,1.68e-07,0.0450237659,3.7869999999999997e-07,0.0009301083999999999,9.546e-07,0.0005899538,1.5804e-06,0.0007265692999999999
0.2,2.2,3.5,-4.559922847809999,-4.381461471860002,-2.4599751702899995,-2.085527367055,1.5149,1.6407,1.9538,2.1177,2.6889,2.8766,2.9417,3.0089,3.0535,3.1846,0.0300686794,8.1e-08,1.8800000000000002e-07,0.04204665690000001,4.378e-07,0.0008603972,1.1681e-06,0.0007355139999999999,9.824e-07,0.0018725404000000001
0.2,2.4,3.5,-4.59759061982,-4.36287928483,-2.457358589378,-2.102145213652,1.5115,1.673,1.9369999999999998,2.1359,2.6758,2.9117,2.9294,2.9975,3.0735,3.1815,0.0385248958,6.559999999999999e-08,2.055e-07,0.039391813399999996,4.973e-07,0.0006383558999999999,1.4082e-06,0.000886031,4.878e-07,0.0038721709
0.2,2.6,3.5,-4.627571369080001,-4.352509287059999,-2.4553327527630002,-2.1177331352540003,1.5152,1.6956,1.9308,2.149,2.6715,2.9213,2.9362,2.9876,3.0898,3.1803,0.047332521600000003,5.37e-08,2.1800000000000002e-07,0.037182389100000005,5.523e-07,1.6764e-06,0.0003044342,0.0010467378,1.9629999999999998e-07,0.005315654699999999
0.2,2.8,3.5,-4.6498188374,-4.3501011401100005,-2.453497663155,-2.133295206691,1.5255,1.7111,1.9316,2.1557,2.676,2.9182,2.9491,2.9868,3.1053,3.1837,0.0558032017,4.58e-08,2.2489999999999998e-07,0.0354333016,5.985e-07,1.9631e-06,5.2151800000000004e-05,0.0010887153,7.49e-08,0.0062302207
0.2,3.0,3.5,-4.664692206020002,-4.35481947549,-2.4515423022530003,-2.149540810912,1.5411,1.7224,1.9357,2.1552,2.6882,2.9205,2.9528,2.9954,3.1215,3.1908,0.0632847601,4.0199999999999996e-08,2.279e-07,0.0340847521,6.31e-07,2.2527e-06,6.21364e-05,0.0008724231,4.24e-08,0.006799684300000001
0.4,0.0,3.5,-4.71676804368,-4.099564062000002,-2.506088599366,-1.891315893731,1.1359,1.6574,1.9794,2.3405,2.3935,2.536,2.7443,2.9254,2.97,3.092,1.6100000000000003e-07,2.06727e-05,0.0558017355,0.0004108622,6.6e-08,0.0001062952,7.118000000000001e-07,2.9500000000000003e-08,1.48e-08,1.1849000000000001e-05
0.4,0.2,3.5,-4.7119109337300005,-4.106271499550002,-2.504297046878,-1.895121310126,1.1446,1.6580000000000001,1.9793,2.3496,2.3858,2.5461,2.7510000000000003,2.9273,2.9687,3.103,1.607e-07,0.0003063391,0.0560106637,0.0003761142,6.690000000000001e-08,0.00011976969999999999,7.703000000000001e-07,6.09e-08,2.5e-08,1.1674e-05
0.4,0.4,3.5,-4.69729334569,-4.12586320355,-2.499385787635,-1.906381642,1.1695,1.6587,1.9787,2.3627,2.376,2.5755,2.77,2.9315,2.9653,3.1337,1.6e-07,0.0010557263,0.056492706100000005,6.99e-08,0.0003049054,0.0001602243,9.428e-07,1.34e-07,2.5899999999999997e-08,1.05882e-05
0.4,0.6,3.5,-4.67351391496,-4.15714734534,-2.492055769269,-1.924059617469,1.2089,1.6578,1.9785,2.3257,2.4179,2.6217,2.7989,2.9312,2.9651,3.16,1.592e-07,0.0020293027,0.057090049299999994,7.56e-08,0.000265808,0.0002189681,1.2155e-06,1.798e-07,3.16e-08,2.3383e-06
0.4,0.8,3.5,-4.64192229226,-4.19833618193,-2.482784811672,-1.9465125265740002,1.2603,1.6533,1.9807,2.2774,2.4729,2.6813,2.8352,2.9187,2.9745,3.1651,1.5880000000000002e-07,0.0030427638000000003,0.0575804808,8.470000000000001e-08,0.00029426919999999996,0.00028940709999999997,1.5386000000000002e-06,1.703e-07,8.17e-08,4.6700000000000004e-07
0.4,1.0,3.5,-4.60434703663,-4.24686918645,-2.472967463219,-1.972105550459,1.3198,1.6431,1.9863,2.2213,2.5367,2.7493,2.8746,2.8969,2.9877,3.1697,1.59e-07,0.0041066239,0.0576419283,9.779999999999999e-08,0.0003878817,0.000367281,1.7003e-06,3.3310000000000004e-07,1.253e-07,1.977e-07
0.4,1.2,3.5,-4.5628262295,-4.30016678454,-2.4634635820299997,-1.9990188375080002,1.3837,1.6269,1.9963,2.161,2.6051,2.8207,2.8648,2.9188,2.9984,3.1774,1.601e-07,0.0054457988,0.0569903774,1.147e-07,0.0005296046,0.0004486366,1.4470000000000002e-07,2.1602e-06,1.8350000000000002e-07,1.37e-07
0.4,1.4,3.5,-4.5201054305,-4.35552151155,-2.454895748921,-2.025567501177,1.4484,1.6064,2.0107,2.1012,2.6743,2.8313,2.8897,2.9601,3.0024,3.1905,1.6190000000000001e-07,0.0074024492,0.055548861799999995,1.347e-07,0.0007017528999999999,1.801e-07,0.0005398091000000001,2.2655e-06,2.875e-07,1.436e-07
0.4,1.6,3.5,-4.479009110290001,-4.41041637773,-2.447936612396,-2.050528420501,1.5101,1.5843,2.0286,2.0459,2.7402,2.7966,2.9499,2.998,2.9994,3.2095,1.6399999999999999e-07,0.0103365519,0.053358622800000005,1.568e-07,0.0008785461,2.273e-07,0.0006616566,9.939e-07,1.6124e-06,1.6399999999999999e-07
0.4,1.8,3.5,-4.462598337119999,-4.4417848726899996,-2.4428024975200002,-2.072994118635,1.5637,1.5658,1.9987,2.0484,2.764,2.7998,2.9882,2.9926,3.0332,3.2012,0.014543067199999999,1.772e-07,1.7850000000000002e-07,0.0505768629,2.81e-07,0.0010228977999999999,6.188e-07,0.0008574807000000001,1.851e-06,0.0006844244999999999
0.4,2.0,3.5,-4.510429305580001,-4.41038644596,-2.439471363626,-2.0928195625479997,1.5473,1.6130000000000002,1.9622,2.0687,2.7361,2.8508,2.9749,3.0084,3.0613,3.1825,0.0201510562,1.683e-07,1.983e-07,0.0474973028,3.38e-07,0.0010848633,8.148e-07,0.0011028276,1.36e-06,0.0006896202999999999
0.4,2.2,3.5,-4.55253514276,-4.386070964440001,-2.437571784659,-2.110252097503,1.5369,1.6503,1.9378,2.0878,2.7148,2.892,2.9616,3.0010000000000003,3.0831,3.1782,0.0270321338,1.7e-07,2.1370000000000001e-07,0.044440502,3.967e-07,0.0010126577,1.0282e-06,0.0012683913000000001,8.289e-07,0.0019779273
0.4,2.4,3.5,-4.58812401729,-4.36952957991,-2.4367851233219997,-2.125935800769,1.5332,1.6775,1.9252,2.1041,2.7014,2.9226,2.9504,2.987,3.0996,3.1748,0.03482107,1.708e-07,2.2309999999999998e-07,0.041656,4.56e-07,0.0007517899000000001,1.2663e-06,0.0014232561,4.0990000000000004e-07,0.0037267646000000002
0.4,2.6,3.5,-4.61662722554,-4.3607133131100015,-2.436500227293,-2.140555293558,1.5363,1.6961,1.9224,2.1161,2.6965,2.9418,2.9427,2.9788,3.1131,3.1748,0.0429757673,1.688e-07,2.273e-07,0.0393069568,5.115e-07,0.0002928103,1.5307e-06,0.0016707792000000001,1.712e-07,0.0049751051
0.4,2.8,3.5,-4.6380229989499995,-4.35936366239,-2.4363252624919998,-2.155004447365,1.5455,1.7091,1.9255,2.1225,2.6999,2.9396,2.9477,2.9834,3.1261,3.1796,0.0508456117,1.618e-07,2.2829999999999997e-07,0.0374516581,5.589e-07,1.8131999999999999e-06,0.0001090384,0.0015940222,7.320000000000001e-08,0.0058448238
0.4,3.0,3.5,-4.6526351448500005,-4.36465342247,-2.4359372379099997,-2.169926251031,1.5599,1.7193,1.9312,2.1228,2.7109,2.9413,2.9478,2.995,3.14,3.1878,0.0578169438,1.488e-07,2.284e-07,0.036082693799999996,5.929e-07,2.0985e-06,0.0001592505,0.0012581774,4.6200000000000003e-08,0.006444342
0.6,0.0,3.5,-4.67810436005,-4.14022501101,-2.445990775239,-1.954686620854,1.2383,1.6564,1.9780000000000002,2.2923,2.4335,2.6334,2.8457,2.9093,2.9814,3.1693,1.458e-07,0.00010962649999999999,0.0554838707,6.7e-08,0.0006428732,9.53674e-05,5.553e-07,7.38e-08,1.94e-08,7.61e-08
0.6,0.2,3.5,-4.674082618590001,-4.14601816904,-2.444555682921,-1.958006054147,1.2456,1.6575,1.9776,2.286,2.4414,2.6422,2.8515,2.9117,2.9801,3.1663,1.459e-07,0.00043416980000000004,0.055774792000000004,6.82e-08,0.0006098235,0.000119117,5.996e-07,8.64e-08,3.48e-08,2.1103e-06
0.6,0.4,3.5,-4.661916714619999,-4.1630003669099995,-2.440630811553,-1.9678625860080001,0.0,0.0,0.0,0.0,0.0,0.0,0.0,0.0,0.0,0.0,0.0,0.0,0.0,0.0,0.0,0.0,0.0,0.0,0.0,0.0
0.6,0.6,3.5,-4.6418678708600005,-4.190219230119999,-2.434821327103,-1.983349555913,1.2999,1.6617,1.9737,2.2359,2.5009,2.7082,2.8929,2.9295,2.9685,3.1641,1.491e-07,0.0023050006,0.0575341312,8.039999999999999e-08,0.0005106222,0.0002898286,9.334e-07,1.688e-07,6.64e-08,6.786e-07
0.6,0.8,3.5,-4.614834040410001,-4.2262108230100015,-2.427552532812,-2.002999490811,1.3435,1.6614,1.9723,2.1952,2.5494,2.7601,2.9234,2.9381,2.9629,3.1639,1.542e-07,0.0032259896,0.058645243099999994,9.37e-08,0.0005542797,0.0004128432,1.0086e-06,4.0630000000000003e-07,4.04e-08,4.482e-07
0.6,1.0,3.5,-4.58229004321,-4.2688608741900005,-2.4200355769370003,-2.025420835504,1.3940000000000001,1.6565,1.9731,2.1476,2.6059,2.8189,2.9235,2.9602,2.9736,3.165,1.631e-07,0.003961610999999999,0.05948774,1.126e-07,0.0006688862,0.0005460676999999999,5.9500000000000003e-08,1.6128e-06,6.47e-08,2.754e-07
0.6,1.2,3.5,-4.54611341756,-4.31592994305,-2.413063651383,-2.049063396413,1.4481,1.646,1.9776,2.0963,2.6668,2.8797,2.8985,2.9875,2.9983,3.1685,1.765e-07,0.0047493972,0.059673683899999996,1.368e-07,0.0008257978,0.0006838375,8.49e-08,4.5759999999999997e-07,1.4328999999999999e-06,1.441e-07
0.6,1.4,3.5,-4.508875574609999,-4.36503437227,-2.407326003181,-2.072467319483,1.5025,1.6307,1.9863,2.0457,2.7282,2.8679,2.9365,3.0012,3.0324,3.1757,1.946e-07,0.0060067074,0.058952566500000005,1.645e-07,0.0009985937,1.188e-07,0.0008449089999999999,2.039e-07,1.8022e-06,8.339999999999999e-08
0.6,1.6,3.5,-4.4731724151400005,-4.4139238369600005,-2.4034386825789995,-2.0945947886160003,1.5537,1.6129,1.9987,1.9995,2.7861,2.8353,2.9816,3.0072,3.0639,3.1877,2.175e-07,0.008141895,0.057298255,2.9848e-06,0.0011645196000000001,1.634e-07,0.0010926095,2.447e-07,1.7502000000000002e-06,9.09e-08
0.6,1.8,3.5,-4.46051943964,-4.4410202520199995,-2.4014574715120003,-2.11467410836,1.5953,1.5988,1.9612,2.0134,2.8039,2.8377,3.0045,3.0054,3.0907,3.1811,0.011451797199999999,2.517e-07,2.1510000000000001e-07,0.054881313499999994,2.148e-07,0.0012881381,0.0014842053,4.129e-07,1.4724e-06,0.0005172055
0.6,2.0,3.5,-4.50335724465,-4.41418233861,-2.401209582035,-2.132549633511,0.0,0.0,0.0,0.0,0.0,0.0,0.0,0.0,0.0,0.0,0.0,0.0,0.0,0.0,0.0,0.0,0.0,0.0,0.0,0.0
0.6,2.2,3.5,-4.541259028680001,-4.39383145608,-2.402261819804,-2.148373743989,1.571,1.6634,1.9166,2.044,2.7555,2.9144,2.9849,2.9891,3.127,3.1683,0.021863535099999998,3.038e-07,2.351e-07,0.0490559566,3.2869999999999997e-07,0.0011706985000000001,0.002043419,7.686e-07,6.246e-07,0.0020230623
0.6,2.4,3.5,-4.5735091503200005,-4.38055263448,-2.4042748673900003,-2.162602491126,1.5673,1.6825,1.9108,2.0572,2.7418,2.9366,2.9709,2.9805,3.1384,3.1655,0.0285390957,3.2579999999999997e-07,2.3339999999999999e-07,0.0462822838,3.873e-07,0.0005689984,0.0025170753,1.0037e-06,3.105e-07,0.0033101279
0.6,2.6,3.5,-4.5996069326899995,-4.3742016570999995,-2.406659068924,-2.17571587167,1.5695,1.6955,1.9127,2.0672,2.736,2.9416,2.9725,2.9742,3.1477,3.168,0.0356082469,3.335e-07,2.297e-07,0.0438874654,4.43e-07,0.00014212290000000001,0.0027051964,1.2634999999999998e-06,1.406e-07,0.0043389959
0.6,2.8,3.5,-4.61957958649,-4.37449009052,-2.409026671931,-2.188437690241,1.5773,1.7053,1.9187,2.0731,2.738,2.938,2.9714,2.9846,3.1571,3.175,0.0424932845,3.24e-07,2.2699999999999998e-07,0.042004903200000006,4.914e-07,0.0002861726,1.5386000000000002e-06,0.0022341913,7.22e-08,0.0051777292999999995
0.6,3.0,3.5,-4.63368561337,-4.38065603514,-2.411048699048,-2.20133202465,1.5899,1.7142,1.926,2.0743,2.7469,2.9366,2.9725,2.9975,3.1674,3.1847,0.048616529299999996,2.989e-07,2.259e-07,0.040684519599999996,5.275e-07,0.0002772548,1.815e-06,0.0018388958,5.29e-08,0.0058597185
0.8,0.0,3.5,-4.62715776644,-4.19319335963,-2.3686859928599997,-2.0341298921460003,1.3687,1.6523,1.9811,2.1654,2.5529,2.7555,2.8819999999999997,2.9738,2.9939,3.177,1.2710000000000002e-07,0.0007889864,0.0547167034,7.730000000000001e-08,0.0008088164999999999,3.77994e-05,1.226e-07,3.6270000000000004e-07,9.22e-08,1.579e-07
0.8,0.2,3.5,-4.62416731051,-4.1978763211,-2.367750488994,-2.0368651117099996,1.3742,1.6537,1.9804,2.1607,2.5591,2.7626,2.8843,2.9777,2.9939,3.1762,1.269e-07,0.0011769669,0.0550272334,7.730000000000001e-08,0.0007948024000000001,7.58235e-05,1.324e-07,3.5340000000000003e-07,1.419e-07,2.331e-07
0.8,0.4,3.5,-4.6150272363800005,-4.2116449353,-2.3651649282799996,-2.044955124927,1.3904,1.6572,1.9780000000000002,2.1464,2.5777,2.7835,2.8912,2.9848,2.9969,3.1739,1.2869999999999998e-07,0.0021835497,0.055890037999999996,8.26e-08,0.0007719634,0.0001847429,1.577e-07,1.599e-07,4.429e-07,3.832e-07
0.8,0.6,3.5,-4.59973482298,-4.2338352611499985,-2.361405225861,-2.057682657745,0.0,0.0,0.0,0.0,0.0,0.0,0.0,0.0,0.0,0.0,0.0,0.0,0.0,0.0,0.0,0.0,0.0,0.0,0.0,0.0
0.8,0.8,3.5,-4.57874176793,-4.2633479863699995,-2.356854236286,-2.073823228664,1.4494,1.6655,1.9694,2.0923,2.6475,2.8576,2.9189,2.9744,3.0377,3.167,1.438e-07,0.0043519108,0.0588325459,1.104e-07,0.0008730603,0.0005348747,2.168e-07,5.4e-08,8.621e-07,5.491e-07
0.8,1.0,3.5,-4.552997724660001,-4.29853414254,-2.352412361618,-2.0922737159060003,1.4881,1.6665,1.9652,2.056,2.6945,2.9036,2.9372,2.9614,3.0649,3.1641,1.614e-07,0.0047542649,0.060522001299999996,1.345e-07,0.0010173991,0.0007275533,2.343e-07,2.13e-08,1.055e-06,5.202e-07
0.8,1.2,3.5,-4.5241244508900005,-4.3376032655999985,-2.348813746543,-2.111810726399,0.0,0.0,0.0,0.0,0.0,0.0,0.0,0.0,0.0,0.0,0.0,0.0,0.0,0.0,0.0,0.0,0.0,0.0,0.0,0.0
0.8,1.4,3.5,-4.49437499258,-4.37859074301,-2.346751175483,-2.131285968603,1.5698,1.6552,1.9641,1.9793,2.7959,2.9107,2.983,2.986,3.1178,3.1656,2.267e-07,0.0047601096,0.0625244722,1.947e-07,0.0013572041000000001,6.4e-08,1.4039999999999999e-07,0.0011698162,1.3481e-06,2.088e-07
0.8,1.6,3.5,-4.4659534164300005,-4.419578220420001,-2.346699203046,-2.149885298374,0.0,0.0,0.0,0.0,0.0,0.0,0.0,0.0,0.0,0.0,0.0,0.0,0.0,0.0,0.0,0.0,0.0,0.0,0.0,0.0
0.8,1.8,3.5,-4.458829655170001,-4.440636581150001,-2.348548442218,-2.1670089918840003,1.6315,1.6368,1.9204,1.976,2.8534,2.8838,2.9994,3.0099,3.1565,3.1683,0.007234184499999999,3.371e-07,2.3719999999999998e-07,0.060800245700000005,1.273e-07,0.0015791704,0.0021615857,1.4039999999999999e-07,1.1217e-06,0.0004136472
0.8,2.0,3.5,-4.49505798115,-4.41991835417,-2.3520172622540003,-2.182400996446,1.6205,1.6595,1.9046,1.985,2.8277,2.9161,2.9802,3.0139,3.1618,3.1688,0.0102495261,4.0130000000000003e-07,2.407e-07,0.058776409,1.779e-07,0.0014705545000000002,0.0026194263,2.25e-07,0.000830412,7.923999999999999e-07
0.8,2.2,3.5,-4.52735163991,-4.404821857810001,-2.35670240058,-2.196117366102,1.6129,1.6747,1.8986,1.9945,2.8074,2.9371,2.9624,3.0132,3.1568,3.1771,0.0144251848,4.5920000000000004e-07,2.349e-07,0.0564324996,2.331e-07,0.0005419846,0.0036412488,3.769e-07,0.0016635763,4.698e-07
0.8,2.4,3.5,-4.5551256013999994,-4.3958069529,-2.362175560778,-2.208426398354,1.6098,1.6846,1.9003,2.0033,2.7936,2.9344,2.966,3.0104,3.1576,3.1828,0.0194820206,4.968e-07,2.279e-07,0.0541081126,2.902e-07,0.00043352239999999996,0.0036680643,5.79e-07,0.00253011,2.429e-07
0.8,2.6,3.5,-4.57794721549,-4.3926559538399985,-2.36782885581,-2.219584145889,1.6116,1.6921,1.9066,2.0105,2.787,2.9249,2.9786,3.0077,3.1636,3.1877,0.025003456099999998,5.070000000000001e-07,2.236e-07,0.052056138099999996,3.456e-07,0.000659722,0.0032007942,8.156e-07,0.0033950147,1.233e-07
0.8,2.8,3.5,-4.595922603910001,-4.39505865865,-2.373312628181,-2.2301345506,0.0,0.0,0.0,0.0,0.0,0.0,0.0,0.0,0.0,0.0,0.0,0.0,0.0,0.0,0.0,0.0,0.0,0.0,0.0,0.0
0.8,3.0,3.5,-4.60923952049,-4.40231575234,-2.378340893434,-2.240525772716,1.6288,1.7077,1.9227,2.0174,2.7939,2.9204,3.0029,3.0077,3.1835,3.1989,0.0354236661,4.5090000000000005e-07,2.217e-07,0.0493893283,4.321e-07,0.0004212557,0.0024873254,1.3253e-06,0.0050996317,6.51e-08
1.0,0.0,3.5,-4.5666411696399996,-4.25497797505,-2.280260197391,-2.123342893166,1.5135,1.6443,1.989,2.0252,2.6888,2.8480000000000003,2.8886,3.0017,3.1913,3.2982,1.0230000000000001e-07,0.0020445056,0.0533593972,9.83e-08,0.0009731402,1.673e-07,2.158e-07,2.601e-07,1.539e-07,2.74548e-05
1.0,0.2,3.5,-4.56483165809,-4.25847182893,-2.279922784711,-2.125427232786,1.5171,1.6458,1.9882,2.0223,2.6933,2.8501,2.8937,3.0012,3.1163,3.1907,1.025e-07,0.0025106513,0.0536743703,1.0039999999999999e-07,0.0009745000999999999,1.765e-07,5.5386599999999996e-05,2.67e-07,2.095e-07,1.869e-07
1.0,0.4,3.5,-4.559169111419999,-4.26874658925,-2.278962247001,-2.131536034936,1.5275,1.6498,1.9857,2.0137,2.7069,2.8563,2.9085,2.9996,3.1247,3.1886,1.0390000000000001e-07,0.0037527794,0.0545279667,1.073e-07,0.0009902383,2.0059999999999998e-07,0.0002092773,2.867e-07,2.6190000000000004e-07,2.777e-07
1.0,0.6,3.5,-4.5494195176100005,-4.28540770086,-2.2777081058379998,-2.141160187419,0.0,0.0,0.0,0.0,0.0,0.0,0.0,0.0,0.0,0.0,0.0,0.0,0.0,0.0,0.0,0.0,0.0,0.0,0.0,0.0
1.0,0.8,3.5,-4.53559648201,-4.307698706300002,-2.276432196115,-2.153364186369,1.5654,1.662,1.9751,1.9809999999999999,2.7587,2.8822,2.9585,2.9916,3.1529,3.1785,1.224e-07,0.0066183147999999995,0.0576020456,1.409e-07,0.0011447578,2.563e-07,0.0006512056,2.754e-07,5.041e-07,5.222e-07
1.0,1.0,3.5,-4.518135375819999,-4.3344413822600005,-2.27570430989,-2.167344499815,1.5896,1.6674,1.9591,1.9677,2.7939999999999996,2.9015,2.983,2.9855,3.167,3.1735,1.4779999999999999e-07,0.0071458189,1.653e-07,0.0596623994,0.001286926,2.683e-07,2.1329999999999998e-07,0.0008432559,1.0967e-06,2.111e-07
1.0,1.2,3.5,-4.498233469840001,-4.364324173000002,-2.276100225575,-2.182240453316,1.6143,1.6705,1.9364,1.9601,2.832,2.9236,2.9699,3.0047,3.1632,3.1863,1.8989999999999997e-07,0.0066859,1.928e-07,0.061897195599999996,0.0014415107,2.6309999999999997e-07,1.225e-07,0.0010435927000000001,1.0639e-06,4.842000000000001e-07
1.0,1.4,3.5,-4.477670343850001,-4.39586681644,-2.278244428735,-2.1972781745639995,1.6367,1.6704,1.916,1.9538,2.8694,2.9451,2.9532,3.0078,3.1592,3.1728,2.525e-07,0.0054918999,2.1649999999999999e-07,0.06401086480000001,0.0015819236999999999,2.649e-07,1.65e-08,0.0014351595,1.0219e-06,0.0011631259
1.0,1.6,3.5,-4.45815755088,-4.427572724080001,-2.282436781284,-2.2118941299620003,1.6544,1.6672,1.9005,1.9497,2.9027,2.9286,2.9694,2.9934,3.159,3.1639999999999997,3.36e-07,0.0042177214,2.299e-07,0.065614527,0.0016729801000000002,5.019999999999999e-08,1.484e-07,0.002048622,8.748000000000001e-07,0.0007059661
1.0,1.8,3.5,-4.45810857162,-4.44114270017,-2.288425040033,-2.225609139083,1.6621,1.6663,1.8917,1.9481,2.9051,2.9293,2.9703,2.9883,3.155,3.1627,0.0035614988,4.2979999999999994e-07,2.3170000000000002e-07,0.0664460976,4.4699999999999997e-08,0.0015091085,0.0028331985999999997,1.044e-07,0.0004452911,6.232e-07
1.0,2.0,3.5,-4.48645667888,-4.42782306252,-2.295869071232,-2.238088782424,1.6569999999999998,1.6732,1.8898,1.9487,2.8831,2.94,2.9556,3.0031,3.1497,3.1698,0.0039671859000000005,5.198e-07,2.2710000000000002e-07,0.0664840285,7.17e-08,0.00030492080000000003,0.004462687700000001,6.85e-08,0.0005624024,3.404e-07
1.0,2.2,3.5,-4.5119966419,-4.41902040107,-2.304382210834,-2.249296597647,1.6535,1.6771,1.8933,1.9509999999999998,2.865,2.9229,2.9668,3.0135,3.1505,3.1793,0.0055444691,5.902000000000001e-07,2.225e-07,0.0659485078,1.1449999999999999e-07,0.0013974431,0.0035994281,6.97e-08,0.0009439245,1.099e-07
1.0,2.4,3.5,-4.53435567409,-4.41503947566,-2.313501604832,-2.259308774712,0.0,0.0,0.0,0.0,0.0,0.0,0.0,0.0,0.0,0.0,0.0,0.0,0.0,0.0,0.0,0.0,0.0,0.0,0.0,0.0
1.0,2.6,3.5,-4.553204525980001,-4.4155972950099995,-2.322673787588,-2.2681517079980003,1.6556,1.6851,1.9076,1.9574,2.8451,2.9010000000000002,2.9881,3.0249,3.1651,3.1999,0.0113784671,6.386e-07,2.1989999999999998e-07,0.064285358,2.163e-07,0.0011841406,0.0036136612,2.361e-07,0.0023280824,1.407e-07
1.0,2.8,3.5,-4.56868741428,-4.42039998356,-2.331585836052,-2.276203626235,1.6617,1.6918,1.9155,1.9604,2.844,2.8991,2.9989,3.0284,3.1753,3.2083,0.0148887475,6.157e-07,2.198e-07,0.0636306131,2.64e-07,0.000902875,0.003427812,3.899e-07,0.0032908564,4.696e-07
1.0,3.0,3.5,-4.5809186239300015,-4.42885434805,-2.339967275866,-2.283822350128,0.0,0.0,0.0,0.0,0.0,0.0,0.0,0.0,0.0,0.0,0.0,0.0,0.0,0.0,0.0,0.0,0.0,0.0,0.0,0.0
1.2,0.0,3.5,-4.49996134929,-4.32198160273,-2.2161011762890004,-2.187861367615,1.6335,1.6405,1.9021,1.9992,2.8122,2.8280000000000003,2.9976,3.0044,3.188,3.2093,0.0035343892,6.13e-08,1.525e-07,0.0517138025,2.056e-07,0.0012951368,3.59095e-05,4.611e-07,7.99016e-05,9.720000000000001e-08
1.2,0.2,3.5,-4.49942801957,-4.32428907009,-2.217513955833,-2.18817293013,1.6348,1.6418,1.9016,1.9987,2.8139,2.8306,2.9995,3.0041,3.1872,3.2091,0.0040636733,6.049999999999999e-08,1.54e-07,0.0519727542,2.164e-07,0.0012844159,9.603190000000001e-05,4.743e-07,0.00021625650000000002,1.015e-07
1.2,0.4,3.5,-4.49750694415,-4.33102099727,-2.221474201111,-2.189011291797,1.6388,1.6454,1.9002,1.9969999999999999,2.8193,2.8386,3.0031,3.0044,3.1846,3.2079,0.0055097235,6.08e-08,1.6149999999999998e-07,0.0527387987,2.451e-07,0.0012569061,5.12e-07,0.0002478516,0.0005347099,1.48e-07
1.2,0.6,3.5,-4.49366479331,-4.34194881439,-2.227827899561,-2.190497540231,1.6445,1.6507,1.8976,1.9935,2.8285,2.8517,3.0011,3.0098,3.1804,3.2046,0.0074599942,6.54e-08,1.736e-07,0.053913477800000005,2.826e-07,0.0012304462,5.524e-07,0.0004225385,0.0009130583,2.469e-07
1.2,0.8,3.5,-4.48786347207,-4.3567677616100005,-2.235941041873,-2.1928684085220005,1.6514,1.6571,1.8945,1.9882,2.8421,2.8696,2.9982,3.0119,3.1753,3.1983,0.0093166681,8.890000000000001e-08,1.8859999999999998e-07,0.0554224868,3.167e-07,0.0012204783,5.74e-07,0.0005643458999999999,0.0013424232999999998,4.132e-07
1.2,1.0,3.5,-4.47983631557,-4.37464247044,-2.2452699582610003,-2.196282262944,1.6584,1.663,1.8915,1.9807,2.8597,2.8907,2.9935,3.0069,3.1687,3.1887,0.0105229978,1.331e-07,2.032e-07,0.057207067400000006,3.365e-07,0.0012349416,5.491e-07,0.000731192,0.0017132801999999998,6.470999999999999e-07
1.2,1.2,3.5,-4.4701710749300005,-4.394688593130001,-2.2553596858210003,-2.201021550563,1.6644,1.6673,1.8894,1.9716,2.8803,2.9129,2.9864,2.9930000000000003,3.1604,3.1768,0.010680895400000001,2.5039999999999997e-07,2.139e-07,0.059276108,3.347e-07,0.0012800475999999999,4.658e-07,0.0010590641,0.0017401657000000001,9.265e-07
1.2,1.4,3.5,-4.460103115930001,-4.41605715584,-2.265686418578,-2.207548581172,1.669,1.6694,1.8895,1.962,2.9028,2.9335,2.9726,2.9764,3.1521,3.1653,0.009602016,3.6192e-06,2.19e-07,0.061605382800000004,3.085e-07,0.0013392351999999999,0.0015808928,3.3549999999999995e-07,0.0013939905999999999,1.1873e-06
1.2,1.6,3.5,-4.450731750850001,-4.43763796201,-2.276129341024,-2.2159732859990005,1.6692,1.6717,1.8913,1.9523,2.9251,2.9476,2.9515,2.9632,3.1467,3.1562,4.406e-07,0.0076254539,2.203e-07,0.06413902219999999,2.592e-07,0.0004933826,0.0031283539000000003,2.0329999999999997e-07,0.0009208128999999999,1.3822999999999999e-06
1.2,1.8,3.5,-4.45854666389,-4.44306649666,-2.286175259357,-2.225966143467,1.6678,1.6733,1.8949,1.9436,2.9252,2.9451,2.9487,2.9624,3.1462,3.1515,4.811999999999999e-07,0.0052484132,2.208e-07,0.0667248804,0.0021061942,7.84e-08,2.228e-07,0.0022218335999999997,0.000502677,1.4662e-06
1.2,2.0,3.5,-4.47815741538,-4.43804340144,-2.295373292278,-2.237232733802,1.6668,1.6746,1.8996,1.9366,2.9051,2.9323,2.9648,2.971,3.1501,3.1518,5.739e-07,0.0030291817,2.222e-07,0.069184099,0.0023042254999999998,2.62e-08,1.578e-07,0.002632925,0.00027321990000000004,1.4328999999999999e-06
1.2,2.2,3.5,-4.496222599110001,-4.4362121213300005,-2.303734596174,-2.249404352019,1.6674,1.6765,1.905,1.9314,2.8899,2.9188,2.9786,2.9807,3.1567,3.1569,6.454000000000001e-07,0.0014102778,2.247e-07,0.0714263763,0.0022584867000000003,1.99e-08,0.003115094,9.300000000000001e-08,1.3766999999999999e-06,0.00033044050000000005
1.2,2.4,3.5,-4.5125707876700005,-4.43772775732,-2.311130192327,-2.262049164309,1.6703,1.68,1.9105,1.9281,2.8804,2.9087,2.9868,2.9939999999999998,3.1651,3.1653,6.875e-07,0.0005884555,2.2760000000000003e-07,0.0734155517,0.0020369966,3.84e-08,0.0035199884999999997,4.4699999999999997e-08,0.0007373097,1.1987e-06
1.2,2.6,3.5,-4.52698157439,-4.442277386360001,-2.3174278367350003,-2.274628670919,0.0,0.0,0.0,0.0,0.0,0.0,0.0,0.0,0.0,0.0,0.0,0.0,0.0,0.0,0.0,0.0,0.0,0.0,0.0,0.0
1.2,2.8,3.5,-4.53958557063,-4.4496025068,-2.322851745566,-2.286869404314,1.6842,1.6929,1.9214,1.926,2.8785,2.9009,3.0069,3.0147,3.1831,3.1889,6.74e-07,0.0010909158,2.725e-07,0.0767550987,0.0013252973000000001,1.091e-07,0.003631343,1.6399999999999998e-08,0.0026320901,4.612e-07
1.2,3.0,3.5,-4.55045624528,-4.45921604711,-2.327641645087,-2.298605923438,0.0,0.0,0.0,0.0,0.0,0.0,0.0,0.0,0.0,0.0,0.0,0.0,0.0,0.0,0.0,0.0,0.0,0.0,0.0,0.0
1.4,0.0,3.5,-4.43010604025,-4.390215154050002,-2.305755534863,-2.099218702867,1.6222,1.6271,1.9168,2.0077,2.7791,2.9319,2.9632,3.0062,3.1287,3.2217,0.0048249255,5.92e-08,1.8219999999999998e-07,0.050039459800000005,2.339e-07,0.0022245498,8.437889999999999e-05,6.153000000000001e-07,0.000199675,1.487e-07
1.4,0.2,3.5,-4.4309087559,-4.3913906562900005,-2.3065367540599997,-2.100179784791,1.6232,1.6277,1.9172,2.0076,2.7804,2.9324,2.9629,3.0058,3.1289999999999996,3.1825,0.0053864607999999994,5.92e-08,1.829e-07,0.0502799171,2.48e-07,0.0020931075,0.000141136,6.324e-07,0.00038226940000000005,7.72e-07
1.4,0.4,3.5,-4.43299853766,-4.39479199379,-2.308570753885,-2.10288915419,1.6265,1.6293,1.9183,2.0073,2.7847,2.9339,2.9618,3.0046,3.1301,3.1848,0.006948739200000001,6.3e-08,1.8480000000000001e-07,0.0509464683,2.86e-07,0.0017388795000000002,0.0002941596,6.795e-07,0.0008761753,7.309000000000001e-07
1.4,0.6,3.5,-4.43574137622,-4.4003729083600005,-2.3117748138099996,-2.1072921175570003,1.6313,1.6314,1.9201,2.0062,2.7924,2.9364,2.9591,3.0025,3.1317,3.188,0.009135714100000001,3.1242e-06,1.881e-07,0.051945716399999994,3.364e-07,0.0012474535,0.0005109181,7.455e-07,0.0015283713,6.563e-07
1.4,0.8,3.5,-4.4384461198,-4.40788306156,-2.3159083912469995,-2.1133481309490003,1.6337,1.6371,1.9222,2.0037,2.8039,2.9389999999999996,2.9547,2.9994,3.1341,3.1914,1.038e-07,0.011468970700000001,1.918e-07,0.0531308301,3.847e-07,0.0007660847999999999,0.0007522375,8.115000000000001e-07,0.0021379766,5.352000000000001e-07
1.4,1.0,3.5,-4.440514133,-4.41696599322,-2.320714889295,-2.120943181533,0.0,0.0,0.0,0.0,0.0,0.0,0.0,0.0,0.0,0.0,0.0,0.0,0.0,0.0,0.0,0.0,0.0,0.0,0.0,0.0
1.4,1.2,3.5,-4.4419236472599986,-4.427199937490001,-2.326028322684,-2.130072915597,1.6373,1.6488,1.9265,1.993,2.8373,2.9254,2.9553,2.9899,3.1418,3.1927,1.959e-07,0.014685706299999999,2.0210000000000002e-07,0.055751807800000004,4.2659999999999997e-07,0.0012634416000000001,0.00040225910000000006,8.484e-07,0.002522551,1.4279999999999998e-07
1.4,1.4,3.5,-4.44304744917,-4.4381195914,-2.331829916031,-2.140811074138,1.6386,1.6535,1.9280000000000002,1.9849,2.8571,2.9102,2.9597,2.9835,3.1476,3.1835,2.761e-07,0.014963915500000001,2.0850000000000002e-07,0.057186080199999996,4.091e-07,0.0017796835,0.0004025781,7.865e-07,0.0021421615,5.151e-07
1.4,1.6,3.5,-4.449278699470001,-4.44450866376,-2.338072050611,-2.153155752407,1.6399,1.6573,1.9288,1.9756,2.877,2.8939,2.9642,2.9762,3.1544,3.1704,3.676e-07,0.014347033,2.1620000000000002e-07,0.058772718,3.675e-07,0.0022624284,0.000664634,6.739e-07,0.0014945221,9.975e-07
1.4,1.8,3.5,-4.460168421610001,-4.44680252577,-2.344245070013,-2.166715660538,1.6419,1.6606,1.9289,1.9661,2.8786,2.8961,2.9687,2.9691,3.1583,3.1615,4.6340000000000003e-07,0.013076623999999998,2.248e-07,0.0605872692,0.0026381524,3.0620000000000003e-07,5.825999999999999e-07,0.0011423293,1.3832e-06,0.0007891541000000001
1.4,2.0,3.5,-4.4707288942800005,-4.4505276706000005,-2.350114418003,-2.181272024503,1.6454,1.6641,1.9287,1.9569999999999999,2.8664,2.9134,2.9619,2.9753,3.1496,3.1685,5.523e-07,0.011462447800000001,2.351e-07,0.0626661241,0.0028402538,2.282e-07,4.081e-07,0.0017699297,1.6778e-06,0.0002504645
1.4,2.2,3.5,-4.48095739641,-4.455923552410002,-2.355438191458,-2.196481717375,1.6508,1.6686,1.9285,1.949,2.8583,2.9278,2.9576,2.9832,3.1456,3.1749,6.228e-07,0.0098033046,2.4899999999999997e-07,0.0650037042,0.0028381812,1.326e-07,3.185e-07,0.0024448517000000003,1.8950999999999999e-06,7.373630000000001e-05
1.4,2.4,3.5,-4.4909573286599995,-4.463058197950001,-2.360057751997,-2.211999163264,1.6582,1.6746,1.9286,1.9423,2.8549,2.9367,2.9591,2.9930000000000003,3.1464,3.1811,6.666e-07,0.0083149517,2.791e-07,0.0675586024,0.0026419186,4.34e-08,2.6309999999999997e-07,0.0030332172999999996,2.0492e-06,0.0003864946
1.4,2.6,3.5,-4.50067426963,-4.471635010590001,-2.363758951411,-2.227414841135,1.6676,1.6823,1.9294,1.9373,2.8562,2.9394,2.968,3.0042,3.1517,3.1875,6.795999999999999e-07,0.0070960393999999994,3.93e-07,0.0702540426,0.0022967099,2.06e-08,1.843e-07,0.0033875248999999997,2.1547e-06,0.0012362369
1.4,2.8,3.5,-4.51023066747,-4.48141725724,-2.366608183808,-2.242588615883,1.6788,1.6917,1.9309,1.9336,2.8618,2.9405,2.9797,3.0159,3.1606,3.1943,6.609999999999999e-07,0.0061362928,1.6608e-06,0.0730223979,0.0018671026,2.49e-08,1.147e-07,0.0034156419,2.2272e-06,0.0025765578
1.4,3.0,3.5,-4.51959659041,-4.492043035590001,-2.368717557272,-2.257396406716,1.6913,1.7024,1.9313,1.9329,2.8708,2.9422,2.9921,3.0273,3.1719999999999997,3.2019,6.14e-07,0.0053722935,0.0757787778,4.8105e-06,0.0014209679,3.77e-08,6.46e-08,0.0031066560999999998,2.2763e-06,0.0042647921
1.6,0.0,3.5,-4.45679973695,-4.3615704501599994,-2.386749543948,-2.022739221019,1.5043,1.6134,2.0097,2.0371,2.7528,2.8388,2.9087,3.0124,3.0562,3.1662,1.043e-07,0.0056413303000000005,0.048599329000000004,1.834e-07,2.5550000000000003e-07,0.0004102169,0.0027380465000000002,6.83e-07,1.2367e-06,0.0002514076
1.6,0.2,3.5,-4.456900416540001,-4.36369016369,-2.38690355651,-2.024282067709,1.5066,1.6141,2.0103,2.036,2.7537,2.8399,2.9095,3.0118,3.0587,3.1663,1.0419999999999999e-07,0.0061915146,0.0487994326,1.8280000000000002e-07,2.7079999999999996e-07,0.0004087481,0.0026520353999999998,6.965e-07,1.2258e-06,0.0004621839
1.6,0.4,3.5,-4.45721333959,-4.369774476210002,-2.387056480644,-2.028691289537,1.5137,1.6164,2.0119,2.0327,2.7569999999999997,2.8433,2.912,3.0102,3.0662,3.1669,1.051e-07,0.0077382957999999995,0.049392249699999995,1.804e-07,3.229e-07,0.0004168023,0.0023969954,7.465000000000001e-07,1.1928e-06,0.0010341584
1.6,0.6,3.5,-4.45778204322,-4.37900162458,-2.387376750583,-2.035739677158,1.5243,1.6198,2.0140000000000002,2.0275,2.763,2.8473,2.9160000000000004,3.0072,3.0775,3.1685,1.104e-07,0.0099888811,0.0502431386,1.8600000000000002e-07,3.9e-07,0.00046831440000000003,0.0019760718,8.251e-07,1.1394e-06,0.0017839085999999998
1.6,0.8,3.5,-4.45843510002,-4.3902831808,-2.387886951208,-2.0451602936050004,1.5374,1.6236,2.0157,2.0206,2.7722,2.8505,2.9211,3.0028,3.0912,3.1713,1.247e-07,0.0125693712,0.0511789025,1.986e-07,4.567e-07,0.0006166854,0.0014284710999999998,9.191e-07,1.0713e-06,0.0024776258
1.6,1.0,3.5,-4.45916162571,-4.40253888008,-2.3886066742230003,-2.056539264131,1.5518,1.6273,2.0124,2.0161,2.7845,2.8514,2.9271,2.9971,3.1063,3.1752,1.5269999999999998e-07,0.0151047229,2.237e-07,0.052047372599999996,5.055e-07,0.0009092171000000001,0.000851364,1.009e-06,9.906999999999999e-07,0.0028921196
1.6,1.2,3.5,-4.45993168852,-4.415112944550001,-2.389645578749,-2.069564754114,1.5665,1.6303,2.0033,2.0151,2.7994,2.8497,2.9342,2.9902,3.1213,3.18,1.973e-07,0.0172842678,1.829e-07,0.052748071900000006,5.27e-07,0.0013511869,0.0003724716,1.0767e-06,8.940999999999999e-07,0.0028727568
1.6,1.4,3.5,-4.4607752202199995,-4.4276652404600005,-2.391264343292,-2.084038125444,1.5809,1.6324,1.9934,2.0122,2.8158,2.8458,2.9424,2.9828,3.1354,3.1849,2.584e-07,0.018969071599999998,1.889e-07,0.0532504612,5.187e-07,0.0018944599,0.0001080685,1.1095e-06,7.711e-07,0.0024005208
1.6,1.6,3.5,-4.46162691513,-4.44001617719,-2.393411539629,-2.099585503103,1.5946,1.6338,1.9831,2.0079,2.8324,2.8407,2.9516,2.9756,3.1478,3.1891,3.319e-07,0.020183178899999998,1.985e-07,0.0536007198,4.853e-07,0.0024570004999999997,0.0001272033,1.1045e-06,5.989e-07,0.0016198312
1.6,1.8,3.5,-4.4626772481499986,-4.45231541359,-2.395879822226,-2.115971786643,0.0,0.0,0.0,0.0,0.0,0.0,0.0,0.0,0.0,0.0,0.0,0.0,0.0,0.0,0.0,0.0,0.0,0.0,0.0,0.0
1.6,2.0,3.5,-4.464734377069999,-4.464271795169999,-2.3984272879599997,-2.1329602429739998,1.6213,1.6369999999999998,1.9633,1.9968,2.833,2.8633,2.9653,2.9739999999999998,3.161,3.1894,4.858e-07,0.0217350277,2.163e-07,0.0542970847,0.0032669902,3.647e-07,1.001e-06,0.0009972255,4.181e-07,2.0754e-06
1.6,2.2,3.5,-4.477267625490001,-4.46675341101,-2.4007657755180003,-2.150286656199,1.6348,1.6404,1.955,1.9912,2.8327,2.877,2.9641,2.9871,3.158,3.1931,5.477000000000001e-07,0.0223718549,2.21e-07,0.0548630176,0.0033735892,2.9629999999999997e-07,9.209e-07,0.0016873291,9.816e-07,1.6930000000000001e-06
1.6,2.4,3.5,-4.489811758190001,-4.4704159712300005,-2.4026737898020003,-2.1677281706850002,1.6459,1.6486,1.9484,1.9858,2.8357,2.8895,2.9662,3.0007,3.1542,3.1983,0.023027756400000002,5.89e-07,2.223e-07,0.055680034100000005,0.0032521103999999996,2.325e-07,8.31e-07,0.0023444385999999997,1.4674000000000001e-06,0.00045773739999999997
1.6,2.6,3.5,-4.5022715377199996,-4.47554790925,-2.4039962298220003,-2.185172678348,1.6536,1.6628,1.9437,1.9808,2.8418,2.9010000000000002,2.9715,3.0143,3.1529,3.2014,0.0236628819,6.02e-07,2.2120000000000002e-07,0.0567938909,0.0029267959,1.793e-07,7.326000000000001e-07,0.0027926309000000002,1.8331e-06,0.0015399598
1.6,2.8,3.5,-4.514290503910001,-4.48202949799,-2.4045423485710002,-2.202503173178,1.6637,1.6773,1.9409999999999998,1.9761,2.8511,2.9117,2.9796,3.0271,3.1548,3.2058,0.0241703788,5.876e-07,2.195e-07,0.0582208879,0.0024695216,1.3900000000000001e-07,6.314e-07,0.002906814,2.1409e-06,0.0032201131
1.6,3.0,3.5,-4.5257026714899995,-4.489811758190001,-2.404337996214,-2.219698158722,1.6756,1.6919,1.9398,1.9716,2.8627,2.9215,2.9898,3.0384,3.1599,3.2116,0.024388467599999998,5.475e-07,2.191e-07,0.0599703255,0.001953971,1.1160000000000001e-07,5.245e-07,0.0026760936,2.42e-06,0.0052934633
1.8,0.0,3.5,-4.518981628590001,-4.297962717840001,-2.453479431986,-1.965701240107,1.3805,1.6099,2.0018,2.1541,2.7254,2.7372,2.8209,2.9368,3.0269,3.1944,1.384e-07,0.0057968576,0.047491060099999996,2.114e-07,0.0004944665,2.53e-07,0.0034305690999999997,1.3783000000000002e-06,6.345e-07,8.874e-07
1.8,0.2,3.5,-4.51814353903,-4.3013640553400005,-2.4531488219810003,-1.967715376121,1.3847,1.6102,2.003,2.1514,2.728,2.7376,2.8236,2.9408,3.0262,3.1973,1.374e-07,0.0063059402,0.0476798109,2.0579999999999998e-07,0.0005027129,2.8e-07,0.0033600794,1.3689e-06,6.552e-07,8.411e-07
1.8,0.4,3.5,-4.5156945760300005,-4.31127963442,-2.451712641235,-1.973456833821,0.0,0.0,0.0,0.0,0.0,0.0,0.0,0.0,0.0,0.0,0.0,0.0,0.0,0.0,0.0,0.0,0.0,0.0,0.0,0.0
1.8,0.6,3.5,-4.5117245349,-4.32668633276,-2.449513744568,-1.9826178601900002,1.4166,1.6136,2.0125,2.1318,2.7439999999999998,2.7469,2.8444,2.9707,3.0201,3.2172,1.384e-07,0.0099046111,0.0489582508,1.8859999999999998e-07,4.466e-07,0.0006189855,0.0027537260999999998,1.3202e-06,8.1e-07,5.453e-07
1.8,0.8,3.5,-4.506135457119999,-4.3461202147,-2.446940428669,-1.994711927912,1.4409999999999998,1.6151,2.0189,2.1158,2.7507,2.7593,2.8603,2.9927,3.0141,3.2249,1.4570000000000001e-07,0.012524121200000002,0.0497053258,1.787e-07,5.358e-07,0.0007819944000000001,0.0021977917,1.2881e-06,9.352e-07,0.019531526599999998
1.8,1.0,3.5,-4.49918584434,-4.36807380746,-2.444199766965,-2.0090721027300003,1.4685,1.6157,2.0251,2.0969,2.7599,2.7712,2.8784,3.0060000000000002,3.0171,3.2266,1.6230000000000002e-07,0.0153465709,0.050291875199999996,1.718e-07,6.01e-07,0.0010675713000000001,0.0015314721,9.793999999999999e-07,1.3452e-06,0.0192542624
1.8,1.2,3.5,-4.49121038817,-4.39130086098,-2.441616655214,-2.025147095862,1.4974,1.6152,2.0305,2.0761,2.7713,2.7815,2.8978,2.9964,3.0419,3.2284,1.908e-07,0.018173355500000002,0.0505785088,1.698e-07,6.332e-07,0.0014941045000000002,0.0008637442999999999,1.1283e-06,1.2811000000000001e-06,0.0184896284
1.8,1.4,3.5,-4.482562827710001,-4.41464764158,-2.4395429277670004,-2.042354870435,1.526,1.6136,2.0346,2.0542,2.7838,2.7898,2.9178,2.9858,3.0659,3.2299,2.316e-07,0.020935089,0.0504813395,1.7600000000000001e-07,6.331e-07,0.0020412553,0.0003339353,1.2313e-06,1.2205e-06,0.0138584195
1.8,1.6,3.5,-4.47377649268,-4.437395786780001,-2.438153277318,-2.0602097154540004,1.5533,1.6112,2.0324,2.0371,2.7963,2.7964,2.9378,2.9753,3.088,3.2259,2.827e-07,0.023656927400000003,2.526e-07,0.050025796500000004,4.2268500000000004e-05,0.0026037933999999998,6.387689999999999e-05,1.3112e-06,1.1208e-06,0.0005535903
1.8,1.8,3.5,-4.46557246663,-4.4591969996200005,-2.4373810376519995,-2.078411224791,0.0,0.0,0.0,0.0,0.0,0.0,0.0,0.0,0.0,0.0,0.0,0.0,0.0,0.0,0.0,0.0,0.0,0.0,0.0,0.0
1.8,2.0,3.5,-4.479822710220001,-4.45873713879,-2.4369900198930003,-2.096730556459,1.6025,1.6079,1.9929,2.0387,2.8086,2.82,2.96,2.9773,3.1252,3.2112,4.001e-07,0.029218887599999997,1.957e-07,0.048490084800000006,0.003622391,4.898e-07,1.411e-06,0.0005069076999999999,7.779000000000001e-07,1.5599e-06
1.8,2.2,3.5,-4.499038906559999,-4.45396166094,-2.436742402523,-2.11503056853,1.609,1.6244,1.9771,2.0380000000000003,2.8160000000000003,2.8311,2.9573,2.9959,3.1401,3.2036,0.0321323013,4.417e-07,2.0199999999999998e-07,0.0477264307,0.0038190271999999996,4.2649999999999996e-07,1.4375e-06,0.0011072315,5.626e-07,1.8173e-06
1.8,2.4,3.5,-4.516652392669999,-4.45175487317,-2.436395193991,-2.133291125086,1.6128,1.6446,1.9644,2.0363,2.8249,2.8422,2.9586,3.013,3.1523,3.1987,0.0350547829,4.721e-07,2.062e-07,0.047141544400000006,0.0037646425,3.657e-07,1.4505000000000001e-06,0.0017342892,3.8100000000000004e-07,2.0153e-06
1.8,2.6,3.5,-4.53255704682,-4.45250044635,-2.435672477799,-2.151622973676,1.6199,1.6634,1.9552,2.0335,2.8356,2.8537,2.964,3.0281,3.1618,3.1973,0.0378093988,4.827000000000001e-07,2.091e-07,0.046846129800000004,0.0034689885,3.123e-07,1.4471e-06,0.0021805873,3.609e-07,2.065e-06
1.8,2.8,3.5,-4.546480762010001,-4.45611130624,-2.434341330355,-2.170100399511,1.6299,1.6808,1.9489,2.0292,2.8479,2.8658,2.9730000000000003,3.0407,3.1682,3.1998,0.0401727827,4.709e-07,2.12e-07,0.0469216875,0.0030002895,2.665e-07,1.4231e-06,0.0023073588,6.401999999999999e-07,1.8522e-06
1.8,3.0,3.5,-4.55840449075,-4.46241330436,-2.432366377749,-2.188779184526,1.6427,1.6969,1.9453,2.0235,2.8614,2.8784,2.9847,3.0507,3.1726,3.2051,0.0419084564,4.382e-07,2.166e-07,0.0474348067,0.0024368246,2.284e-07,1.3705e-06,0.0021225716,1.124e-06,1.4824e-06
2.0,0.0,3.5,-4.57484519569,-4.24273588112,-2.501572439487,-1.932931394097,1.2793,1.6136,1.9832,2.2451,2.6313,2.7356,2.7524,2.8438,3.0495,3.1535,1.6370000000000002e-07,0.0051625327,0.047035485300000006,2.509e-07,0.0006773538000000001,2.3469999999999998e-07,0.0043547783,1.3323e-06,4.611e-07,1.139e-06
2.0,0.2,3.5,-4.5731853429900005,-4.247290952300001,-2.5007678190880003,-1.935258725268,0.0,0.0,0.0,0.0,0.0,0.0,0.0,0.0,0.0,0.0,0.0,0.0,0.0,0.0,0.0,0.0,0.0,0.0,0.0,0.0
2.0,0.4,3.5,-4.5682955802,-4.26063507958,-2.4980589939030002,-1.9418646669069999,1.3024,1.6145,1.9909999999999999,2.2302,2.6468,2.736,2.7695,2.8651,3.0464,3.1684,1.603e-07,0.0068727161,0.0476783229,2.351e-07,0.0007246495,3.908e-07,0.0040151516,1.3039e-06,5.467e-07,1.0336e-06
2.0,0.6,3.5,-4.5602874711900006,-4.281527455040001,-2.4938557570740003,-1.952415071618,1.3294,1.6151,2.0,2.2125,2.6643,2.7384,2.7895,2.8886,3.042,3.1851,1.583e-07,0.0088303756,0.04832139059999999,2.189e-07,0.0008068849000000001,5.164999999999999e-07,0.0035813093,1.3156e-06,6.435e-07,8.771999999999999e-07
2.0,0.8,3.5,-4.54912564205,-4.30820210425,-2.488857695698,-1.966291712297,1.3637,1.6144,2.0108,2.1889,2.6851,2.7426,2.8148,2.9168,3.0347,3.2044,1.5880000000000002e-07,0.011339856,0.0489172847,2.011e-07,0.0009646332000000001,6.24e-07,0.0029707617,1.3619e-06,7.656999999999999e-07,6.344e-07
2.0,1.0,3.5,-4.53532165394,-4.33878420998,-2.4834650791720003,-1.982636091359,1.4026,1.6119999999999999,2.0227,2.1609,2.707,2.7489,2.8438,2.9478,3.0246,3.2228,1.645e-07,0.014252808300000001,0.0492830099,1.853e-07,0.0012357058,6.979999999999999e-07,0.0022239711,1.4249000000000001e-06,9.05e-07,3.5049999999999997e-07
2.0,1.2,3.5,-4.51944148942,-4.3714261657,-2.478084707461,-2.0006229082730003,1.4438,1.6077,2.0345,2.1302,2.7283,2.7565,2.8746,2.9795,3.0121,3.2366,1.774e-07,0.0174749757,0.0492746496,1.742e-07,0.0016450533,7.337000000000001e-07,0.0014318343,1.4774e-06,1.0519e-06,1.8649999999999998e-07
2.0,1.4,3.5,-4.50226337451,-4.40438648661,-2.473181067214,-2.019475841768,0.0,0.0,0.0,0.0,0.0,0.0,0.0,0.0,0.0,0.0,0.0,0.0,0.0,0.0,0.0,0.0,0.0,0.0,0.0,0.0
2.0,1.6,3.5,-4.48484852651,-4.43642164372,-2.4690507550610006,-2.038560882534,1.5241,1.5954,2.0556,2.0667,2.7654,2.7726,2.9357,2.9836,3.0392,3.2323,2.268e-07,0.024863225299999996,0.047896208499999995,1.8170000000000002e-07,0.0027876026,7.072e-07,0.0002464373,1.3369999999999999e-06,1.4259e-06,0.0149841669
2.0,1.8,3.5,-4.4683914951500014,-4.466693547469999,-2.465758260361,-2.057450278367,1.5603,1.5894,2.0373,2.0642,2.7802,2.7812,2.9639,2.9704,3.0651,3.241,2.597e-07,0.0290840515,1.7510000000000003e-07,0.04664953980000001,7.11e-07,0.0033674778,0.0001074619,1.4628e-06,1.2851e-06,9.2e-07
2.0,2.0,3.5,-4.49461988888,-4.454059619460001,-2.463135148881,-2.0759410374450002,1.5851,1.5931,2.0114,2.0713,2.7877,2.7959,2.96,2.9894,3.088,3.2276,0.033648218199999996,2.964e-07,1.8089999999999999e-07,0.0452112458,6.039000000000001e-07,0.0038152821999999998,1.5771000000000001e-06,0.0003361172,1.0741e-06,0.0010975682
2.0,2.2,3.5,-4.519746249260002,-4.44286513748,-2.460939789605,-2.094055472542,0.0,0.0,0.0,0.0,0.0,0.0,0.0,0.0,0.0,0.0,0.0,0.0,0.0,0.0,0.0,0.0,0.0,0.0,0.0,0.0
